{"episode reward": [-434.55547162159814, -383.6692573926298, -351.6969470886122], "episode value": [-336.9740686416626, -919.7427406311035, -2056.367052078247], "average reward": [-434.55548095703125, -409.11236572265625, -389.973876953125], "average value": [-336.97406005859375, -628.3583984375, -1104.3612060546875], "max reward": [-Infinity, -434.55547162159814, -383.6692573926298], "solved at": null}