{"episode reward": [-87.768505166386], "episode value": [-3138.5381469726562], "average reward": [-87.76850891113281], "average value": [-3138.5380859375], "max reward": [-Infinity], "solved at": null}