{"episode reward": [-412.396175286203, -177.63357898334306, -146.582823043077, -156.2537473497203, -167.6633495854644, -116.20969643303438, -116.0413911701863], "episode value": [-6.0260551534593105, -6.75547362677753, -5.179936569184065, -4.243475817143917, -5.109866082668304, -6.598247170448303, -4.8977091163396835], "average reward": [-412.39617919921875, -295.014892578125, -245.53753662109375, -223.21658325195312, -212.10592651367188, -196.12322998046875, -184.6829833984375], "average value": [-6.026055335998535, -6.390764236450195, -5.987154483795166, -5.551235198974609, -5.462961673736572, -5.6521759033203125, -5.5443949699401855], "max reward": [-Infinity, -412.396175286203, -177.63357898334306, -146.582823043077, -146.582823043077, -146.582823043077, -116.20969643303438], "solved at": null}